{
  "learning_rate": 1e-05,
  "seed": 42,
  "checkpoint_dir": "models/lr_extended/lr1e-05_seed42",
  "mean_training_loss": 0.003752989433458424,
  "last_training_loss": 0.00010155326162930578,
  "train_elapsed_seconds": 199.28645070802304,
  "stsb_spearman": 0.3514671671196164,
  "alignment": 0.3140788029314918,
  "uniformity": -2.2521642393149435,
  "rankme": 116.10664591935209,
  "idest": 11.247296813877748
}