{
  "learning_rate": 0.0001,
  "weight_decay": 0.01,
  "seed": 42,
  "checkpoint_dir": "models/wd_sweep_multiseed/lr0.0001_wd0.01_seed42",
  "mean_training_loss": 0.0016660041839422774,
  "last_training_loss": 7.408293458865955e-05,
  "train_elapsed_seconds": 203.312361416989,
  "stsb_spearman": 0.7235161774187461,
  "alignment": 0.22034090908558454,
  "uniformity": -2.648721895776682,
  "rankme": 154.0973998657571,
  "idest": 9.908520437805821
}