{
  "learning_rate": 0.0001,
  "weight_decay": 0.1,
  "seed": 43,
  "checkpoint_dir": "models/wd_sweep_multiseed/lr0.0001_wd0.1_seed43",
  "mean_training_loss": 0.002443029663684138,
  "last_training_loss": 2.045140900008846e-05,
  "train_elapsed_seconds": 204.6157013750053,
  "stsb_spearman": 0.7581256700238612,
  "alignment": 0.21753507279659204,
  "uniformity": -2.487611382531762,
  "rankme": 155.3514014464595,
  "idest": 10.730211377072887
}