{
  "learning_rate": 0.0001,
  "weight_decay": 0.05,
  "seed": 43,
  "checkpoint_dir": "models/wd_sweep_multiseed/lr0.0001_wd0.05_seed43",
  "mean_training_loss": 0.002399008933126606,
  "last_training_loss": 3.94332455471158e-05,
  "train_elapsed_seconds": 204.53885908299708,
  "stsb_spearman": 0.7514405111458696,
  "alignment": 0.2051871621115232,
  "uniformity": -2.492322055365952,
  "rankme": 148.28118860727642,
  "idest": 10.413235213532534
}