{
  "learning_rate": 0.0001,
  "weight_decay": 0.1,
  "seed": 45,
  "checkpoint_dir": "models/wd_sweep_multiseed/lr0.0001_wd0.1_seed45",
  "mean_training_loss": 0.0032161992110995925,
  "last_training_loss": 4.5684319047722965e-05,
  "train_elapsed_seconds": 205.1435708749923,
  "stsb_spearman": 0.744744253722678,
  "alignment": 0.2207777413832023,
  "uniformity": -2.740763667980781,
  "rankme": 149.06226329505125,
  "idest": 9.962003226448116
}