{
  "learning_rate": 0.0001,
  "weight_decay": 0.0,
  "seed": 45,
  "checkpoint_dir": "models/wd_sweep_multiseed/lr0.0001_wd0_seed45",
  "mean_training_loss": 0.002557769010931952,
  "last_training_loss": 2.4660614144522697e-05,
  "train_elapsed_seconds": 202.1203157909913,
  "stsb_spearman": 0.7164384805210512,
  "alignment": 0.23917315323263505,
  "uniformity": -2.446475090040133,
  "rankme": 166.4831671246417,
  "idest": 11.246083384558037
}