{
  "learning_rate": 0.0001,
  "weight_decay": 0.001,
  "seed": 46,
  "checkpoint_dir": "models/wd_sweep_multiseed/lr0.0001_wd0.001_seed46",
  "mean_training_loss": 0.001622991168612498,
  "last_training_loss": 2.8459926397772506e-05,
  "train_elapsed_seconds": 203.79787908299477,
  "stsb_spearman": 0.6988445245686211,
  "alignment": 0.25423242191086953,
  "uniformity": -2.656735961243249,
  "rankme": 167.29214202133915,
  "idest": 10.21325097844763
}