{
  "learning_rate": 0.0001,
  "weight_decay": 0.001,
  "seed": 42,
  "checkpoint_dir": "models/wd_sweep/lr0.0001_wd0.001_seed42",
  "mean_training_loss": 0.0017124624077347107,
  "last_training_loss": 5.8025383623316884e-05,
  "train_elapsed_seconds": 203.02640429200255,
  "stsb_spearman": 0.7282229959895938,
  "alignment": 0.2155892625139544,
  "uniformity": -2.6237529364057934,
  "rankme": 146.79749203830187,
  "idest": 9.89901183711103
}