{
  "learning_rate": 0.0001,
  "seed": 48,
  "mean_training_loss": 0.0021407922324979153,
  "last_training_loss": 3.815293894149363e-05,
  "train_elapsed_seconds": 200.36115787499875,
  "stsb_spearman": 0.6979074423295603,
  "alignment": 0.2319932632397786,
  "uniformity": -2.3515123483133213
}