{
  "learning_rate": 3e-05,
  "seed": 42,
  "mean_training_loss": 0.0022562171555677198,
  "last_training_loss": 3.4755663364194334e-05,
  "train_elapsed_seconds": 201.03774704200077,
  "stsb_spearman": 0.546013895793199,
  "alignment": 0.30172575824750103,
  "uniformity": -2.508151159012267
}